date,username,tweet
2025-03-12,user_32,Concerned about AI replacing teachers.
2025-06-23,user_95,AI personalized my learning journey!
2025-06-01,user_55,AI integration in education is interesting.
2025-02-25,user_30,AI personalized my learning journey!
2025-05-24,user_26,Concerned about AI replacing teachers.
2025-04-18,user_29,AI in education needs more research.
2025-01-02,user_98,Loving AI-driven adaptive learning systems.
2025-03-29,user_36,AI analytics could assist educators.
2025-01-27,user_12,Loving AI-driven adaptive learning systems.
2025-03-30,user_78,Loving AI-driven adaptive learning systems.
2025-04-28,user_69,AI personalized my learning journey!
2025-01-21,user_71,AI feedback helps improve essays instantly.
2025-04-03,user_74,AI is revolutionizing classroom experiences.
2025-01-12,user_85,AI personalized my learning journey!
2025-01-21,user_110,Loving AI-driven adaptive learning systems.
2025-04-08,user_36,AI personalized my learning journey!
2025-02-11,user_48,Loving AI-driven adaptive learning systems.
2025-06-29,user_120,Loving AI-driven adaptive learning systems.
2025-06-05,user_82,Concerned about AI replacing teachers.
2025-02-11,user_60,AI tutors make complex topics so easy.
2025-02-26,user_88,AI is revolutionizing classroom experiences.
2025-02-28,user_106,AI personalized my learning journey!
2025-04-13,user_35,Loving AI-driven adaptive learning systems.
2025-03-22,user_28,AI is revolutionizing classroom experiences.
2025-06-14,user_59,AI apps glitch too often during lectures.
2025-03-05,user_96,AI tutors make complex topics so easy.
2025-05-30,user_55,Data privacy in AI education tools worries me.
2025-04-03,user_29,AI analytics could assist educators.
2025-05-11,user_64,Debating pros and cons of AI in classrooms.
2025-01-29,user_20,AI personalized my learning journey!
2025-06-02,user_9,AI apps glitch too often during lectures.
2025-04-30,user_68,AI is revolutionizing classroom experiences.
2025-01-03,user_88,AI is revolutionizing classroom experiences.
2025-03-10,user_99,AI in education needs more research.
2025-03-17,user_56,Concerned about AI replacing teachers.
2025-03-09,user_65,AI personalized my learning journey!
2025-01-28,user_112,AI in education needs more research.
2025-06-05,user_26,AI in schools seems impersonal.
2025-05-19,user_100,AI tutors make complex topics so easy.
2025-06-03,user_42,AI integration in education is interesting.
2025-04-03,user_113,AI personalized my learning journey!
2025-03-03,user_8,AI tools are trending in online courses.
2025-01-21,user_11,AI is revolutionizing classroom experiences.
2025-05-17,user_99,AI integration in education is interesting.
2025-05-21,user_22,AI feedback helps improve essays instantly.
2025-04-19,user_28,AI is revolutionizing classroom experiences.
2025-03-21,user_52,Debating pros and cons of AI in classrooms.
2025-04-23,user_116,AI tools are trending in online courses.
2025-03-05,user_29,Concerned about AI replacing teachers.
2025-05-31,user_71,AI personalized my learning journey!
2025-01-02,user_10,AI tutors make complex topics so easy.
2025-02-28,user_9,AI integration in education is interesting.
2025-01-19,user_66,AI tools are trending in online courses.
2025-02-24,user_70,AI feedback helps improve essays instantly.
2025-05-28,user_61,AI is revolutionizing classroom experiences.
2025-04-15,user_25,AI feedback helps improve essays instantly.
2025-04-01,user_55,AI feedback helps improve essays instantly.
2025-06-22,user_84,AI personalized my learning journey!
2025-01-16,user_52,AI integration in education is interesting.
2025-03-05,user_25,AI integration in education is interesting.
2025-02-05,user_55,AI feedback helps improve essays instantly.
2025-03-05,user_112,AI feedback helps improve essays instantly.
2025-05-21,user_13,AI analytics could assist educators.
2025-01-04,user_12,AI is revolutionizing classroom experiences.
2025-02-12,user_53,Debating pros and cons of AI in classrooms.
2025-04-13,user_116,AI tutors make complex topics so easy.
2025-01-01,user_50,AI feedback helps improve essays instantly.
2025-03-15,user_55,AI feedback helps improve essays instantly.
2025-06-19,user_92,AI in schools seems impersonal.
2025-03-17,user_28,AI tutors make complex topics so easy.
2025-05-19,user_8,AI in education needs more research.
2025-01-13,user_75,AI integration in education is interesting.
2025-02-10,user_8,AI is revolutionizing classroom experiences.
2025-02-17,user_9,AI integration in education is interesting.
2025-04-14,user_16,AI grading feels inaccurate sometimes.
2025-03-05,user_75,AI in education needs more research.
2025-01-21,user_54,AI in schools seems impersonal.
2025-05-14,user_41,AI in schools seems impersonal.
2025-06-21,user_92,Debating pros and cons of AI in classrooms.
2025-04-12,user_17,Loving AI-driven adaptive learning systems.
2025-04-28,user_41,Data privacy in AI education tools worries me.
2025-01-03,user_59,AI integration in education is interesting.
2025-01-26,user_10,AI in schools seems impersonal.
2025-03-09,user_17,AI in schools seems impersonal.
2025-03-04,user_48,AI integration in education is interesting.
2025-05-20,user_91,AI feedback helps improve essays instantly.
2025-01-03,user_86,AI is revolutionizing classroom experiences.
2025-06-19,user_14,AI tools are trending in online courses.
2025-03-09,user_15,Debating pros and cons of AI in classrooms.
2025-02-09,user_35,AI in education needs more research.
2025-03-29,user_27,AI tutors make complex topics so easy.
2025-05-10,user_63,Data privacy in AI education tools worries me.
2025-01-24,user_82,AI personalized my learning journey!
2025-01-12,user_1,Loving AI-driven adaptive learning systems.
2025-06-13,user_34,AI tutors make complex topics so easy.
2025-05-22,user_91,AI feedback helps improve essays instantly.
2025-01-29,user_10,AI personalized my learning journey!
2025-05-20,user_5,Debating pros and cons of AI in classrooms.
2025-05-22,user_19,AI in education needs more research.
2025-03-20,user_47,AI personalized my learning journey!
2025-04-02,user_27,AI integration in education is interesting.
2025-04-01,user_100,Concerned about AI replacing teachers.
2025-06-08,user_96,AI apps glitch too often during lectures.
2025-02-11,user_103,AI tutors make complex topics so easy.
2025-01-07,user_23,AI analytics could assist educators.
2025-04-16,user_103,AI tools are trending in online courses.
2025-03-10,user_21,AI grading feels inaccurate sometimes.
2025-04-08,user_112,AI integration in education is interesting.
2025-02-26,user_26,AI feedback helps improve essays instantly.
2025-03-31,user_40,AI analytics could assist educators.
2025-02-27,user_4,Debating pros and cons of AI in classrooms.
2025-03-26,user_36,AI apps glitch too often during lectures.
2025-03-31,user_83,AI tools are trending in online courses.
2025-03-26,user_4,AI in schools seems impersonal.
2025-02-15,user_75,Loving AI-driven adaptive learning systems.
2025-01-10,user_14,AI tools are trending in online courses.
2025-03-22,user_56,Data privacy in AI education tools worries me.
2025-01-30,user_50,AI in schools seems impersonal.
2025-03-07,user_6,Debating pros and cons of AI in classrooms.
2025-05-14,user_119,AI integration in education is interesting.
2025-04-04,user_56,Debating pros and cons of AI in classrooms.
2025-06-09,user_41,Loving AI-driven adaptive learning systems.
2025-03-18,user_65,Concerned about AI replacing teachers.
2025-03-25,user_52,AI feedback helps improve essays instantly.
2025-02-02,user_25,AI in schools seems impersonal.
2025-06-23,user_96,AI feedback helps improve essays instantly.
2025-05-26,user_39,AI in education needs more research.
2025-03-19,user_37,AI personalized my learning journey!
2025-06-05,user_84,AI is revolutionizing classroom experiences.
2025-04-24,user_87,AI feedback helps improve essays instantly.
2025-02-13,user_85,AI feedback helps improve essays instantly.
2025-06-19,user_82,AI is revolutionizing classroom experiences.
2025-03-02,user_87,Concerned about AI replacing teachers.
2025-02-07,user_4,AI tutors make complex topics so easy.
2025-06-06,user_109,AI feedback helps improve essays instantly.
2025-04-17,user_114,AI analytics could assist educators.
2025-06-28,user_50,AI grading feels inaccurate sometimes.
2025-02-07,user_84,AI tutors make complex topics so easy.
2025-04-19,user_29,Concerned about AI replacing teachers.
2025-04-29,user_7,AI is revolutionizing classroom experiences.
2025-04-27,user_18,Concerned about AI replacing teachers.
2025-05-24,user_77,AI in education needs more research.
2025-06-06,user_105,AI feedback helps improve essays instantly.
2025-04-20,user_107,AI in education needs more research.
2025-02-10,user_96,AI analytics could assist educators.
2025-03-08,user_97,AI analytics could assist educators.
2025-05-14,user_63,Loving AI-driven adaptive learning systems.
2025-04-23,user_10,Data privacy in AI education tools worries me.
2025-03-11,user_43,Debating pros and cons of AI in classrooms.
2025-01-21,user_18,AI is revolutionizing classroom experiences.
2025-06-27,user_20,AI feedback helps improve essays instantly.
2025-04-17,user_53,AI integration in education is interesting.
2025-04-17,user_8,AI feedback helps improve essays instantly.
2025-04-10,user_116,AI feedback helps improve essays instantly.
2025-05-28,user_49,AI integration in education is interesting.
2025-03-18,user_97,Loving AI-driven adaptive learning systems.
2025-05-18,user_96,AI feedback helps improve essays instantly.
2025-02-26,user_63,AI in education needs more research.
2025-05-05,user_4,AI feedback helps improve essays instantly.
2025-02-12,user_108,AI feedback helps improve essays instantly.
2025-06-09,user_69,AI tutors make complex topics so easy.
2025-06-01,user_73,AI feedback helps improve essays instantly.
2025-06-14,user_55,Concerned about AI replacing teachers.
2025-02-16,user_7,AI feedback helps improve essays instantly.
2025-02-24,user_59,Loving AI-driven adaptive learning systems.
2025-03-13,user_97,AI feedback helps improve essays instantly.
2025-03-06,user_107,AI analytics could assist educators.
2025-05-19,user_7,AI personalized my learning journey!
2025-02-27,user_84,AI tools are trending in online courses.
2025-01-08,user_32,AI personalized my learning journey!
2025-06-09,user_20,AI personalized my learning journey!
2025-06-21,user_15,AI feedback helps improve essays instantly.
2025-04-30,user_90,AI grading feels inaccurate sometimes.
2025-02-12,user_78,Loving AI-driven adaptive learning systems.
2025-02-11,user_40,Concerned about AI replacing teachers.
2025-03-21,user_74,AI personalized my learning journey!
2025-04-12,user_92,AI apps glitch too often during lectures.
2025-06-26,user_107,AI is revolutionizing classroom experiences.
2025-06-28,user_99,Concerned about AI replacing teachers.
2025-01-31,user_102,AI is revolutionizing classroom experiences.
2025-03-30,user_69,AI integration in education is interesting.
2025-01-18,user_65,Loving AI-driven adaptive learning systems.
2025-04-18,user_106,Concerned about AI replacing teachers.
2025-04-03,user_82,AI feedback helps improve essays instantly.
2025-02-09,user_56,AI analytics could assist educators.
2025-06-16,user_35,AI is revolutionizing classroom experiences.
2025-05-04,user_60,AI in schools seems impersonal.
2025-03-10,user_42,AI is revolutionizing classroom experiences.
2025-03-13,user_113,AI integration in education is interesting.
2025-05-26,user_79,AI feedback helps improve essays instantly.
2025-01-08,user_64,Data privacy in AI education tools worries me.
2025-05-05,user_28,Debating pros and cons of AI in classrooms.
2025-03-29,user_36,Loving AI-driven adaptive learning systems.
2025-05-23,user_2,AI tools are trending in online courses.
2025-01-22,user_31,AI grading feels inaccurate sometimes.
2025-05-23,user_98,AI analytics could assist educators.
2025-06-15,user_92,AI feedback helps improve essays instantly.
2025-01-24,user_38,AI personalized my learning journey!
2025-03-20,user_85,AI tutors make complex topics so easy.
2025-05-22,user_68,AI apps glitch too often during lectures.
2025-03-26,user_46,AI is revolutionizing classroom experiences.
2025-03-20,user_33,AI tools are trending in online courses.
2025-03-22,user_16,AI tutors make complex topics so easy.
2025-02-19,user_28,Debating pros and cons of AI in classrooms.
2025-05-31,user_98,AI tools are trending in online courses.
2025-01-26,user_107,Data privacy in AI education tools worries me.
2025-04-03,user_23,AI tutors make complex topics so easy.
2025-02-02,user_36,AI is revolutionizing classroom experiences.
2025-05-22,user_38,AI personalized my learning journey!
2025-06-13,user_112,AI grading feels inaccurate sometimes.
2025-01-04,user_74,AI integration in education is interesting.
2025-04-23,user_44,AI feedback helps improve essays instantly.
2025-03-06,user_111,AI personalized my learning journey!
2025-04-13,user_63,AI personalized my learning journey!
2025-02-08,user_20,AI personalized my learning journey!
2025-01-22,user_32,AI tools are trending in online courses.
2025-06-05,user_77,AI feedback helps improve essays instantly.
2025-05-14,user_49,Debating pros and cons of AI in classrooms.
2025-03-18,user_111,AI feedback helps improve essays instantly.
2025-03-20,user_73,AI apps glitch too often during lectures.
2025-01-26,user_98,AI in schools seems impersonal.
2025-03-09,user_85,AI tutors make complex topics so easy.
2025-02-14,user_71,AI tutors make complex topics so easy.
2025-04-15,user_58,AI personalized my learning journey!
2025-03-16,user_5,AI apps glitch too often during lectures.
2025-06-29,user_111,Loving AI-driven adaptive learning systems.
2025-03-09,user_101,AI tutors make complex topics so easy.
2025-06-19,user_103,AI in education needs more research.
2025-01-30,user_70,AI analytics could assist educators.
2025-03-10,user_106,AI tutors make complex topics so easy.
2025-02-12,user_102,AI personalized my learning journey!
2025-03-15,user_57,AI is revolutionizing classroom experiences.
2025-06-29,user_52,Loving AI-driven adaptive learning systems.
2025-05-19,user_64,AI in education needs more research.
2025-01-11,user_114,AI is revolutionizing classroom experiences.
2025-06-04,user_33,Loving AI-driven adaptive learning systems.
2025-06-22,user_108,AI tutors make complex topics so easy.
2025-01-06,user_98,AI in education needs more research.
2025-05-28,user_6,Data privacy in AI education tools worries me.
2025-05-01,user_67,Debating pros and cons of AI in classrooms.
2025-02-16,user_75,Data privacy in AI education tools worries me.
2025-01-24,user_61,AI feedback helps improve essays instantly.
2025-03-24,user_86,Loving AI-driven adaptive learning systems.
2025-03-26,user_53,AI tutors make complex topics so easy.
2025-06-19,user_52,Data privacy in AI education tools worries me.
2025-01-10,user_59,AI in education needs more research.
2025-03-24,user_15,Loving AI-driven adaptive learning systems.
2025-05-12,user_106,AI analytics could assist educators.
2025-04-29,user_53,AI in education needs more research.
2025-04-03,user_80,AI is revolutionizing classroom experiences.
